"","jit","y","rate","cat"
"1",10.85544219,11,0.012,"Highest SES"
"2",11.04840996,11,0.075,"Highest SES"
"3",11.07988059,11,0.031,"Highest SES"
"4",10.91886106,11,0.045,"Highest SES"
"5",11.09982914,11,0,"Highest SES"
"6",11.0495108,11,0.039,"Highest SES"
"7",11.09516505,11,0.023,"Highest SES"
"8",11.0363451,11,0.011,"Highest SES"
"9",11.03426959,11,0.011,"Highest SES"
"10",10.97114154,11,0.089,"Highest SES"
"11",11.02152773,11,0.032,"Highest SES"
"12",11.02884309,11,0.029,"Highest SES"
"13",10.86077235,11,0.058,"Highest SES"
"14",11.13461145,11,0.032,"Highest SES"
"15",11.04356691,11,0.071,"Highest SES"
"16",10.97577862,11,0.06,"Highest SES"
"17",10.8529261,11,0.051,"Highest SES"
"18",10.85519149,11,0.059,"Highest SES"
"19",11.09044882,11,0.002,"Highest SES"
"20",11.14198403,11,0.019,"Highest SES"
"21",10.87015537,11,0.022,"Highest SES"
"22",11.04653249,11,0.058,"Highest SES"
"23",10.91020971,11,0.019,"Highest SES"
"24",10.887031,11,0,"Highest SES"
"25",11.01130143,11,0.032,"Highest SES"
"26",11.0474744,11,0.03,"Highest SES"
"27",11.01207206,11,0.014,"Highest SES"
"28",10.90638292,11,0.095,"Highest SES"
"29",10.95754815,11,0.108,"Highest SES"
"30",10.94119876,11,0.041,"Highest SES"
"31",11.13738072,11,0.031,"Highest SES"
"32",11.13080174,11,0.06,"Highest SES"
"33",11.08352106,11,0.015,"Highest SES"
"34",11.09588464,11,0,"Highest SES"
"35",10.87152114,11,0.101,"Highest SES"
"36",11.01570884,11,0.033,"Highest SES"
"37",10.97996137,11,0.036,"Highest SES"
"38",11.13680528,11,0.008,"Highest SES"
"39",11.07636681,11,0.056,"Highest SES"
"40",11.04455862,11,0.011,"Highest SES"
"41",10.92781959,11,0.031,"Highest SES"
"42",10.93059534,11,0.021,"Highest SES"
"43",10.93067176,11,0.09,"Highest SES"
"44",10.90241674,11,0.063,"Highest SES"
"45",11.14102662,11,0.006,"Highest SES"
"46",10.99744164,11,0.093,"Highest SES"
"47",11.05234751,11,0.03,"Highest SES"
"48",11.03251561,11,0.07,"Highest SES"
"49",11.08669692,11,0.058,"Highest SES"
"50",10.85245946,11,0,"Highest SES"
"51",11.11531011,11,0.005,"Highest SES"
"52",10.85442298,11,0.038,"Highest SES"
"53",11.10495609,11,0.03,"Highest SES"
"54",10.8862385,11,0.02,"Highest SES"
"55",10.97164843,11,0.009,"Highest SES"
"56",10.96015821,11,0.061,"Highest SES"
"57",11.07643961,11,0.009,"Highest SES"
"58",11.05420104,11,0.037,"Highest SES"
"59",11.02123601,11,0.094,"Highest SES"
"60",11.055597,11,0.02,"Highest SES"
"61",11.00576847,11,0.005,"Highest SES"
"62",10.93292841,11,0,"Highest SES"
"63",10.85224964,11,0.051,"Highest SES"
"64",11.04311144,11,0.049,"Highest SES"
"65",11.09001703,11,0.013,"Highest SES"
"66",10.97958883,11,0.082,"Highest SES"
"67",11.07544872,11,0.058,"Highest SES"
"68",10.90512853,11,0.002,"Highest SES"
"69",11.0268981,11,0.052,"Highest SES"
"70",11.04641084,11,0.093,"Highest SES"
"71",10.95908222,11,0.018,"Highest SES"
"72",10.99492812,11,0.031,"Highest SES"
"73",10.97397582,11,0.026,"Highest SES"
"74",10.97808902,11,0.036,"Highest SES"
"75",11.05263616,11,0.032,"Highest SES"
"76",10.91753988,11,0.026,"Highest SES"
"77",11.04026056,11,0.016,"Highest SES"
"78",10.97626073,11,0.042,"Highest SES"
"79",11.01980313,11,0.051,"Highest SES"
"80",11.03000674,11,0.065,"Highest SES"
"81",10.94212557,11,0.009,"Highest SES"
"82",10.93672917,11,0.047,"Highest SES"
"83",10.89188188,11,0.032,"Highest SES"
"84",11.13039253,11,0.037,"Highest SES"
"85",10.96573327,11,0.056,"Highest SES"
"86",10.97776448,11,0.027,"Highest SES"
"87",10.95384598,11,0.057,"Highest SES"
"88",11.02075351,11,0.094,"Highest SES"
"89",11.02280113,11,0.013,"Highest SES"
"90",11.05078721,11,0.016,"Highest SES"
"91",11.05665304,11,0.01,"Highest SES"
"92",10.94802115,11,0.106,"Highest SES"
"93",10.85289044,11,0.063,"Highest SES"
"94",11.12775611,11,0.057,"Highest SES"
"95",10.8735358,11,0.001,"Highest SES"
"96",10.99948237,11,0.02,"Highest SES"
"97",10.93871071,11,0.039,"Highest SES"
"98",10.86797004,11,0.068,"Highest SES"
"99",10.96943953,11,0.101,"Highest SES"
"100",11.12156707,11,0.078,"Highest SES"
"101",10.86691838,11,0.051,"Highest SES"
"102",11.05764112,11,0.025,"Highest SES"
"103",11.05689898,11,0.031,"Highest SES"
"104",11.13456812,11,0.01,"Highest SES"
"105",11.0393009,11,0.031,"Highest SES"
"106",10.86780748,11,0.045,"Highest SES"
"107",10.94784584,11,0.049,"Highest SES"
"108",11.12424702,11,0.014,"Highest SES"
"109",10.9563213,11,0.023,"Highest SES"
"110",10.87269717,11,0.039,"Highest SES"
"111",11.05105858,11,0.041,"Highest SES"
"112",11.04040951,11,0.014,"Highest SES"
"113",10.88472482,11,0.048,"Highest SES"
"114",10.90655929,11,0.109,"Highest SES"
"115",11.047437,11,0.11,"Highest SES"
"116",11.10601829,11,0.111,"Highest SES"
"117",10.90037616,11,0.113,"Highest SES"
"118",11.00088612,11,0.116,"Highest SES"
"119",10.9814386,11,0.117,"Highest SES"
"120",10.92212617,11,0.117,"Highest SES"
"121",10.88534253,11,0.117,"Highest SES"
"122",11.14182512,11,0.118,"Highest SES"
"123",10.87108578,11,0.118,"Highest SES"
"124",11.03614065,11,0.119,"Highest SES"
"125",10.96626999,11,0.121,"Highest SES"
"126",11.14344118,11,0.13,"Highest SES"
"127",11.05383187,11,0.131,"Highest SES"
"128",10.99627785,11,0.135,"Highest SES"
"129",11.01572966,11,0.136,"Highest SES"
"130",10.9585455,11,0.136,"Highest SES"
"131",11.06358223,11,0.137,"Highest SES"
"132",11.1463771,11,0.137,"Highest SES"
"133",10.98584578,11,0.14,"Highest SES"
"134",10.87369886,11,0.145,"Highest SES"
"135",11.06063803,11,0.149,"Highest SES"
"136",10.93187147,11,0.151,"Highest SES"
"137",10.92039592,11,0.153,"Highest SES"
"138",10.93915819,11,0.156,"Highest SES"
"139",11.10784709,11,0.169,"Highest SES"
"140",11.05593063,11,0.173,"Highest SES"
"141",11.05903533,11,0.277,"Highest SES"
"142",11.93837753,12,0.049,"Highest SES"
"143",12.13398536,12,0.037,"Highest SES"
"144",11.85117711,12,0.049,"Highest SES"
"145",12.13870788,12,0.073,"Highest SES"
"146",11.88154098,12,0.009,"Highest SES"
"147",12.03246331,12,0.025,"Highest SES"
"148",12.14368728,12,0.051,"Highest SES"
"149",11.92142008,12,0.072,"Highest SES"
"150",12.04934166,12,0.03,"Highest SES"
"151",11.91693374,12,0.068,"Highest SES"
"152",11.85118164,12,0.041,"Highest SES"
"153",11.95942081,12,0.017,"Highest SES"
"154",12.13981487,12,0.011,"Highest SES"
"155",12.03253392,12,0.062,"Highest SES"
"156",12.05175549,12,0.005,"Highest SES"
"157",12.02839642,12,0.064,"Highest SES"
"158",12.13302391,12,0.029,"Highest SES"
"159",12.06947573,12,0.024,"Highest SES"
"160",12.14072467,12,0.013,"Highest SES"
"161",12.02237219,12,0.018,"Highest SES"
"162",12.04580009,12,0.105,"Highest SES"
"163",12.12698733,12,0,"Highest SES"
"164",12.03994375,12,0.05,"Highest SES"
"165",11.88035207,12,0.081,"Highest SES"
"166",12.12944572,12,0.107,"Highest SES"
"167",11.95731439,12,0.096,"Highest SES"
"168",12.107607,12,0.105,"Highest SES"
"169",12.13685683,12,0.083,"Highest SES"
"170",11.89708703,12,0.103,"Highest SES"
"171",12.0361235,12,0.045,"Highest SES"
"172",12.01129238,12,0.044,"Highest SES"
"173",12.07840872,12,0.033,"Highest SES"
"174",11.93511071,12,0.046,"Highest SES"
"175",12.13556593,12,0.04,"Highest SES"
"176",12.03007137,12,0.033,"Highest SES"
"177",11.96127552,12,0.026,"Highest SES"
"178",11.8882463,12,0.075,"Highest SES"
"179",11.89178556,12,0.036,"Highest SES"
"180",12.10157228,12,0.006,"Highest SES"
"181",11.90860511,12,0.002,"Highest SES"
"182",11.86679505,12,0.044,"Highest SES"
"183",12.09040251,12,0.062,"Highest SES"
"184",11.88587682,12,0.081,"Highest SES"
"185",12.01418784,12,0.054,"Highest SES"
"186",12.05883032,12,0.041,"Highest SES"
"187",12.00900078,12,0.064,"Highest SES"
"188",12.08914911,12,0.029,"Highest SES"
"189",11.85967591,12,0.062,"Highest SES"
"190",12.01529445,12,0.09,"Highest SES"
"191",12.11240036,12,0.009,"Highest SES"
"192",12.14241081,12,0.026,"Highest SES"
"193",12.05751051,12,0.018,"Highest SES"
"194",11.98649985,12,0,"Highest SES"
"195",11.97309691,12,0.018,"Highest SES"
"196",11.94909204,12,0.06,"Highest SES"
"197",11.89948525,12,0.033,"Highest SES"
"198",12.08901028,12,0.023,"Highest SES"
"199",12.14968733,12,0.054,"Highest SES"
"200",11.87018156,12,0.003,"Highest SES"
"201",11.92342583,12,0.047,"Highest SES"
"202",11.9838322,12,0.083,"Highest SES"
"203",12.12604487,12,0.015,"Highest SES"
"204",11.98915058,12,0.047,"Highest SES"
"205",11.93993812,12,0.017,"Highest SES"
"206",12.08331005,12,0.094,"Highest SES"
"207",12.05817608,12,0.041,"Highest SES"
"208",12.11398583,12,0.073,"Highest SES"
"209",11.95971006,12,0.051,"Highest SES"
"210",11.96376699,12,0.065,"Highest SES"
"211",11.96797254,12,0.012,"Highest SES"
"212",11.86155008,12,0.048,"Highest SES"
"213",12.02559587,12,0.035,"Highest SES"
"214",12.14511394,12,0.102,"Highest SES"
"215",12.13392106,12,0.059,"Highest SES"
"216",12.07225232,12,0.045,"Highest SES"
"217",11.92821036,12,0.063,"Highest SES"
"218",12.00422736,12,0.014,"Highest SES"
"219",11.97613956,12,0.005,"Highest SES"
"220",11.96430681,12,0.047,"Highest SES"
"221",11.94005252,12,0.087,"Highest SES"
"222",11.90540712,12,0.036,"Highest SES"
"223",12.10078205,12,0.007,"Highest SES"
"224",12.02842899,12,0.036,"Highest SES"
"225",11.99086805,12,0.026,"Highest SES"
"226",12.02486699,12,0.039,"Highest SES"
"227",11.88769272,12,0.042,"Highest SES"
"228",11.92549659,12,0.096,"Highest SES"
"229",11.97008892,12,0.022,"Highest SES"
"230",12.10521202,12,0.021,"Highest SES"
"231",12.02387334,12,0.04,"Highest SES"
"232",12.04340523,12,0.036,"Highest SES"
"233",12.10712692,12,0.037,"Highest SES"
"234",12.10045722,12,0.029,"Highest SES"
"235",11.99482705,12,0.074,"Highest SES"
"236",12.07440098,12,0.058,"Highest SES"
"237",12.08784832,12,0.068,"Highest SES"
"238",11.99154335,12,0.054,"Highest SES"
"239",12.11273184,12,0.057,"Highest SES"
"240",11.95086465,12,0.055,"Highest SES"
"241",12.07642761,12,0.055,"Highest SES"
"242",12.14711432,12,0.034,"Highest SES"
"243",12.04687163,12,0.001,"Highest SES"
"244",12.02826708,12,0.052,"Highest SES"
"245",12.13144553,12,0.027,"Highest SES"
"246",12.11003173,12,0.058,"Highest SES"
"247",11.95610455,12,0.031,"Highest SES"
"248",11.87912729,12,0.059,"Highest SES"
"249",11.93574272,12,0.09,"Highest SES"
"250",12.01762638,12,0.071,"Highest SES"
"251",11.95075642,12,0.02,"Highest SES"
"252",11.94068859,12,0.044,"Highest SES"
"253",11.92891435,12,0.036,"Highest SES"
"254",11.95008405,12,0.109,"Highest SES"
"255",12.10256309,12,0.109,"Highest SES"
"256",11.88794037,12,0.11,"Highest SES"
"257",11.85155102,12,0.111,"Highest SES"
"258",11.93264706,12,0.111,"Highest SES"
"259",11.97431488,12,0.111,"Highest SES"
"260",11.99865496,12,0.115,"Highest SES"
"261",11.91442551,12,0.118,"Highest SES"
"262",11.96157022,12,0.119,"Highest SES"
"263",11.90038662,12,0.121,"Highest SES"
"264",12.04778001,12,0.121,"Highest SES"
"265",12.08602716,12,0.121,"Highest SES"
"266",11.91368269,12,0.124,"Highest SES"
"267",12.02879345,12,0.129,"Highest SES"
"268",12.03108999,12,0.132,"Highest SES"
"269",11.90036788,12,0.134,"Highest SES"
"270",12.13080417,12,0.141,"Highest SES"
"271",12.05284161,12,0.141,"Highest SES"
"272",12.13086405,12,0.143,"Highest SES"
"273",12.12847358,12,0.144,"Highest SES"
"274",12.10069533,12,0.145,"Highest SES"
"275",12.04084021,12,0.149,"Highest SES"
"276",11.85069039,12,0.149,"Highest SES"
"277",12.03466761,12,0.151,"Highest SES"
"278",12.04769441,12,0.158,"Highest SES"
"279",12.02654062,12,0.174,"Highest SES"
"280",12.04314921,12,0.181,"Highest SES"
"281",12.04717167,12,0.19,"Highest SES"
"282",12.10181863,12,0.201,"Highest SES"
"283",11.89308198,12,0.297,"Highest SES"
"284",12.94121414,13,0.066,"Highest SES"
"285",12.87186734,13,0.078,"Highest SES"
"286",13.03400558,13,0.025,"Highest SES"
"287",13.07590303,13,0.039,"Highest SES"
"288",12.89086662,13,0.057,"Highest SES"
"289",13.05269452,13,0.007,"Highest SES"
"290",13.02070301,13,0.028,"Highest SES"
"291",13.02786638,13,0,"Highest SES"
"292",12.90536506,13,0.082,"Highest SES"
"293",13.01562665,13,0.021,"Highest SES"
"294",12.90692898,13,0,"Highest SES"
"295",12.96992059,13,0.074,"Highest SES"
"296",12.94298453,13,0.046,"Highest SES"
"297",13.09369811,13,0.039,"Highest SES"
"298",13.05072711,13,0.008,"Highest SES"
"299",13.04676478,13,0.051,"Highest SES"
"300",12.88296665,13,0.037,"Highest SES"
"301",12.8854104,13,0.03,"Highest SES"
"302",13.14886908,13,0.039,"Highest SES"
"303",12.95907883,13,0.066,"Highest SES"
"304",12.86549969,13,0.03,"Highest SES"
"305",12.9758926,13,0.023,"Highest SES"
"306",12.95116691,13,0.074,"Highest SES"
"307",12.87649836,13,0.061,"Highest SES"
"308",13.11136937,13,0.068,"Highest SES"
"309",13.04433189,13,0.01,"Highest SES"
"310",12.91105614,13,0.04,"Highest SES"
"311",13.1189684,13,0.014,"Highest SES"
"312",13.1214712,13,0.057,"Highest SES"
"313",12.91230134,13,0.085,"Highest SES"
"314",12.99175257,13,0.073,"Highest SES"
"315",12.90606514,13,0.04,"Highest SES"
"316",12.86846247,13,0.045,"Highest SES"
"317",12.9056922,13,0.051,"Highest SES"
"318",12.95126962,13,0.052,"Highest SES"
"319",13.13235395,13,0.079,"Highest SES"
"320",12.85793658,13,0.067,"Highest SES"
"321",12.96192191,13,0.067,"Highest SES"
"322",12.97331478,13,0.037,"Highest SES"
"323",12.98725241,13,0.023,"Highest SES"
"324",13.11556998,13,0.075,"Highest SES"
"325",12.8622968,13,0.02,"Highest SES"
"326",12.88082856,13,0.062,"Highest SES"
"327",12.91958101,13,0.088,"Highest SES"
"328",12.99324063,13,0.086,"Highest SES"
"329",12.97762108,13,0.016,"Highest SES"
"330",13.06738215,13,0.03,"Highest SES"
"331",12.88374664,13,0.041,"Highest SES"
"332",13.0621128,13,0.03,"Highest SES"
"333",13.07933574,13,0.011,"Highest SES"
"334",13.09568134,13,0.069,"Highest SES"
"335",12.91883674,13,0.025,"Highest SES"
"336",12.97660289,13,0.057,"Highest SES"
"337",12.98687797,13,0.074,"Highest SES"
"338",12.90813577,13,0.083,"Highest SES"
"339",13.00744685,13,0.062,"Highest SES"
"340",12.93949114,13,0.078,"Highest SES"
"341",13.02982934,13,0.082,"Highest SES"
"342",12.99484163,13,0.055,"Highest SES"
"343",13.05351919,13,0.012,"Highest SES"
"344",12.9457726,13,0.078,"Highest SES"
"345",12.99384109,13,0.043,"Highest SES"
"346",13.03944077,13,0.017,"Highest SES"
"347",12.98089327,13,0.044,"Highest SES"
"348",13.14174656,13,0.023,"Highest SES"
"349",12.98158425,13,0.019,"Highest SES"
"350",13.02830576,13,0.108,"Highest SES"
"351",12.9805978,13,0.088,"Highest SES"
"352",13.01549828,13,0.072,"Highest SES"
"353",13.08135878,13,0.098,"Highest SES"
"354",13.12596548,13,0.022,"Highest SES"
"355",12.93618011,13,0.075,"Highest SES"
"356",13.07454496,13,0.071,"Highest SES"
"357",13.14704655,13,0.074,"Highest SES"
"358",13.14277784,13,0.033,"Highest SES"
"359",13.09338844,13,0.072,"Highest SES"
"360",12.96989032,13,0.008,"Highest SES"
"361",13.0100321,13,0.04,"Highest SES"
"362",13.02231531,13,0.064,"Highest SES"
"363",13.12690698,13,0.03,"Highest SES"
"364",12.91195782,13,0.097,"Highest SES"
"365",12.99502317,13,0.09,"Highest SES"
"366",12.92613475,13,0.061,"Highest SES"
"367",13.10101265,13,0.034,"Highest SES"
"368",13.01822225,13,0.096,"Highest SES"
"369",12.89854781,13,0.101,"Highest SES"
"370",12.99088484,13,0.02,"Highest SES"
"371",12.99749243,13,0.068,"Highest SES"
"372",13.09153577,13,0.009,"Highest SES"
"373",13.09962127,13,0.016,"Highest SES"
"374",12.97871928,13,0.034,"Highest SES"
"375",12.96323027,13,0.053,"Highest SES"
"376",13.11491928,13,0.046,"Highest SES"
"377",13.13424792,13,0.104,"Highest SES"
"378",12.92212316,13,0,"Highest SES"
"379",13.07701397,13,0.084,"Highest SES"
"380",12.92631727,13,0.086,"Highest SES"
"381",12.98727269,13,0.048,"Highest SES"
"382",13.09344106,13,0.078,"Highest SES"
"383",12.86368277,13,0.016,"Highest SES"
"384",12.98943691,13,0.023,"Highest SES"
"385",13.01025649,13,0.004,"Highest SES"
"386",12.94281278,13,0.06,"Highest SES"
"387",13.05746993,13,0.019,"Highest SES"
"388",12.93964537,13,0.08,"Highest SES"
"389",13.08711204,13,0.012,"Highest SES"
"390",13.04487467,13,0.052,"Highest SES"
"391",12.91298675,13,0.002,"Highest SES"
"392",12.8869065,13,0.026,"Highest SES"
"393",12.9650667,13,0.011,"Highest SES"
"394",12.98142432,13,0.019,"Highest SES"
"395",13.08056632,13,0.058,"Highest SES"
"396",12.89107021,13,0.051,"Highest SES"
"397",12.95037327,13,0.031,"Highest SES"
"398",13.10168625,13,0.048,"Highest SES"
"399",12.87863179,13,0.029,"Highest SES"
"400",12.89809094,13,0.059,"Highest SES"
"401",12.97031989,13,0.049,"Highest SES"
"402",12.89816228,13,0.108,"Highest SES"
"403",13.05707239,13,0.108,"Highest SES"
"404",13.05877705,13,0.109,"Highest SES"
"405",12.92105199,13,0.109,"Highest SES"
"406",12.91768298,13,0.111,"Highest SES"
"407",12.8763709,13,0.111,"Highest SES"
"408",13.08929337,13,0.112,"Highest SES"
"409",13.13952681,13,0.115,"Highest SES"
"410",12.92180313,13,0.115,"Highest SES"
"411",13.02939402,13,0.116,"Highest SES"
"412",13.03390313,13,0.119,"Highest SES"
"413",12.99180158,13,0.12,"Highest SES"
"414",13.12598564,13,0.12,"Highest SES"
"415",13.0881239,13,0.121,"Highest SES"
"416",12.98086177,13,0.121,"Highest SES"
"417",12.88420536,13,0.121,"Highest SES"
"418",12.94626279,13,0.124,"Highest SES"
"419",12.890763,13,0.126,"Highest SES"
"420",12.99597805,13,0.13,"Highest SES"
"421",12.94432768,13,0.131,"Highest SES"
"422",12.86091851,13,0.132,"Highest SES"
"423",13.12432219,13,0.134,"Highest SES"
"424",12.95840183,13,0.143,"Highest SES"
"425",12.9019529,13,0.146,"Highest SES"
"426",13.07607027,13,0.164,"Highest SES"
"427",12.96827,13,0.17,"Highest SES"
"428",12.8753174,13,0.188,"Highest SES"
"429",13.04437031,13,0.192,"Highest SES"
"430",12.95927134,13,0.208,"Highest SES"
"431",10.88965404,11,0.038,"51-75% PR"
"432",10.98176318,11,0.103,"51-75% PR"
"433",10.89119141,11,0.01,"51-75% PR"
"434",11.00198106,11,0.039,"51-75% PR"
"435",11.12936408,11,0.026,"51-75% PR"
"436",11.06187121,11,0.027,"51-75% PR"
"437",11.09680714,11,0.1,"51-75% PR"
"438",11.04184346,11,0.022,"51-75% PR"
"439",11.13408117,11,0.063,"51-75% PR"
"440",10.98897726,11,0.03,"51-75% PR"
"441",11.12699452,11,0.03,"51-75% PR"
"442",10.90813903,11,0,"51-75% PR"
"443",10.91280786,11,0.044,"51-75% PR"
"444",10.96544462,11,0.026,"51-75% PR"
"445",11.02254934,11,0.018,"51-75% PR"
"446",11.13488963,11,0.06,"51-75% PR"
"447",10.96539608,11,0,"51-75% PR"
"448",11.05088115,11,0.015,"51-75% PR"
"449",10.88344999,11,0.019,"51-75% PR"
"450",11.04337889,11,0.051,"51-75% PR"
"451",10.93515224,11,0.026,"51-75% PR"
"452",10.86277833,11,0.039,"51-75% PR"
"453",11.00973007,11,0.002,"51-75% PR"
"454",11.05647097,11,0.067,"51-75% PR"
"455",10.91245977,11,0.075,"51-75% PR"
"456",11.02302136,11,0.008,"51-75% PR"
"457",11.06364662,11,0.038,"51-75% PR"
"458",11.03307086,11,0,"51-75% PR"
"459",11.05677732,11,0.008,"51-75% PR"
"460",10.9755797,11,0.034,"51-75% PR"
"461",10.87704273,11,0.005,"51-75% PR"
"462",11.08518673,11,0.018,"51-75% PR"
"463",11.06051015,11,0.027,"51-75% PR"
"464",10.930166,11,0.054,"51-75% PR"
"465",11.0721322,11,0.036,"51-75% PR"
"466",11.14815,11,0.014,"51-75% PR"
"467",10.96365822,11,0.008,"51-75% PR"
"468",10.90947976,11,0.017,"51-75% PR"
"469",10.89324441,11,0.009,"51-75% PR"
"470",10.99268959,11,0.018,"51-75% PR"
"471",11.14130787,11,0.093,"51-75% PR"
"472",10.9775682,11,0.043,"51-75% PR"
"473",11.05851997,11,0.007,"51-75% PR"
"474",10.98794253,11,0.011,"51-75% PR"
"475",11.07793894,11,0,"51-75% PR"
"476",11.10856885,11,0.048,"51-75% PR"
"477",11.00515908,11,0.004,"51-75% PR"
"478",10.87694985,11,0.007,"51-75% PR"
"479",10.93461054,11,0.027,"51-75% PR"
"480",11.1089465,11,0.044,"51-75% PR"
"481",11.13705067,11,0.039,"51-75% PR"
"482",11.05697889,11,0.005,"51-75% PR"
"483",10.95513751,11,0.047,"51-75% PR"
"484",11.01289375,11,0,"51-75% PR"
"485",11.07626518,11,0.107,"51-75% PR"
"486",11.08020132,11,0,"51-75% PR"
"487",10.90986594,11,0.026,"51-75% PR"
"488",10.95689662,11,0.011,"51-75% PR"
"489",10.982864,11,0.021,"51-75% PR"
"490",10.85100958,11,0.006,"51-75% PR"
"491",11.01713992,11,0.015,"51-75% PR"
"492",10.90737541,11,0.028,"51-75% PR"
"493",11.04258688,11,0.014,"51-75% PR"
"494",11.11251282,11,0.034,"51-75% PR"
"495",10.96165961,11,0.007,"51-75% PR"
"496",11.01131997,11,0.029,"51-75% PR"
"497",11.08457695,11,0.066,"51-75% PR"
"498",11.09319738,11,0.011,"51-75% PR"
"499",11.00281657,11,0.048,"51-75% PR"
"500",11.06847211,11,0.067,"51-75% PR"
"501",10.97742975,11,0.073,"51-75% PR"
"502",11.0266921,11,0.082,"51-75% PR"
"503",10.91489707,11,0.048,"51-75% PR"
"504",10.86836299,11,0.021,"51-75% PR"
"505",11.04035724,11,0,"51-75% PR"
"506",10.94987937,11,0,"51-75% PR"
"507",11.05763944,11,0.043,"51-75% PR"
"508",11.11541168,11,0.031,"51-75% PR"
"509",11.12190841,11,0.025,"51-75% PR"
"510",11.13521477,11,0.054,"51-75% PR"
"511",11.14682849,11,0.06,"51-75% PR"
"512",11.12648077,11,0.012,"51-75% PR"
"513",11.06850847,11,0.029,"51-75% PR"
"514",11.04828735,11,0.031,"51-75% PR"
"515",10.99743556,11,0.004,"51-75% PR"
"516",11.09579557,11,0.039,"51-75% PR"
"517",10.86996997,11,0.028,"51-75% PR"
"518",10.91733084,11,0.039,"51-75% PR"
"519",10.91779315,11,0.018,"51-75% PR"
"520",11.05996359,11,0.01,"51-75% PR"
"521",11.06954479,11,0.04,"51-75% PR"
"522",11.05434788,11,0.058,"51-75% PR"
"523",11.03460329,11,0,"51-75% PR"
"524",10.91810119,11,0.092,"51-75% PR"
"525",10.89381293,11,0.017,"51-75% PR"
"526",11.08514121,11,0.007,"51-75% PR"
"527",11.11783623,11,0.043,"51-75% PR"
"528",11.09366841,11,0.026,"51-75% PR"
"529",10.93453461,11,0,"51-75% PR"
"530",11.05552383,11,0.007,"51-75% PR"
"531",11.07154219,11,0.045,"51-75% PR"
"532",11.06211313,11,0.007,"51-75% PR"
"533",11.0360613,11,0.028,"51-75% PR"
"534",10.85909272,11,0.023,"51-75% PR"
"535",11.04503756,11,0.019,"51-75% PR"
"536",10.93916685,11,0.023,"51-75% PR"
"537",10.88736463,11,0.007,"51-75% PR"
"538",10.99799383,11,0.074,"51-75% PR"
"539",11.08453182,11,0.015,"51-75% PR"
"540",10.93103261,11,0.071,"51-75% PR"
"541",11.13224694,11,0.084,"51-75% PR"
"542",11.09571514,11,0.04,"51-75% PR"
"543",10.88521031,11,0.023,"51-75% PR"
"544",10.98604603,11,0.018,"51-75% PR"
"545",11.00716116,11,0.024,"51-75% PR"
"546",10.91637867,11,0.003,"51-75% PR"
"547",10.99273679,11,0.103,"51-75% PR"
"548",10.92689288,11,0.006,"51-75% PR"
"549",11.12523054,11,0,"51-75% PR"
"550",10.95300959,11,0.065,"51-75% PR"
"551",10.9438419,11,0.022,"51-75% PR"
"552",11.04695021,11,0.011,"51-75% PR"
"553",11.01668565,11,0.01,"51-75% PR"
"554",11.03183001,11,0.019,"51-75% PR"
"555",10.90333016,11,0.056,"51-75% PR"
"556",10.94846047,11,0.109,"51-75% PR"
"557",11.02137155,11,0.11,"51-75% PR"
"558",11.09600609,11,0.111,"51-75% PR"
"559",11.04345213,11,0.111,"51-75% PR"
"560",10.97621228,11,0.112,"51-75% PR"
"561",11.12931832,11,0.112,"51-75% PR"
"562",10.9720416,11,0.119,"51-75% PR"
"563",11.01234142,11,0.121,"51-75% PR"
"564",11.07670873,11,0.127,"51-75% PR"
"565",11.14330757,11,0.128,"51-75% PR"
"566",10.93341059,11,0.13,"51-75% PR"
"567",10.99582442,11,0.131,"51-75% PR"
"568",10.88963093,11,0.141,"51-75% PR"
"569",10.89452879,11,0.189,"51-75% PR"
"570",11.9218955,12,0.057,"51-75% PR"
"571",12.10066394,12,0.089,"51-75% PR"
"572",12.03887334,12,0.065,"51-75% PR"
"573",11.90352093,12,0.054,"51-75% PR"
"574",11.92539248,12,0.048,"51-75% PR"
"575",11.88379093,12,0.021,"51-75% PR"
"576",11.93735149,12,0.026,"51-75% PR"
"577",12.0198325,12,0.057,"51-75% PR"
"578",12.13838519,12,0.006,"51-75% PR"
"579",12.13929171,12,0.033,"51-75% PR"
"580",12.10397502,12,0.088,"51-75% PR"
"581",12.02619308,12,0.035,"51-75% PR"
"582",11.90505656,12,0.009,"51-75% PR"
"583",11.93328373,12,0,"51-75% PR"
"584",12.10505735,12,0.068,"51-75% PR"
"585",11.99007889,12,0.018,"51-75% PR"
"586",12.05184978,12,0.018,"51-75% PR"
"587",12.12473557,12,0.021,"51-75% PR"
"588",11.99539673,12,0,"51-75% PR"
"589",11.99226599,12,0.059,"51-75% PR"
"590",12.05671715,12,0.014,"51-75% PR"
"591",11.88301051,12,0.004,"51-75% PR"
"592",12.06037534,12,0.025,"51-75% PR"
"593",11.88422585,12,0.035,"51-75% PR"
"594",11.98990942,12,0,"51-75% PR"
"595",12.0037412,12,0.047,"51-75% PR"
"596",12.08191812,12,0.082,"51-75% PR"
"597",11.86915764,12,0.013,"51-75% PR"
"598",11.93672559,12,0.048,"51-75% PR"
"599",11.96265786,12,0.071,"51-75% PR"
"600",12.07772495,12,0.026,"51-75% PR"
"601",12.02590369,12,0.06,"51-75% PR"
"602",12.11202506,12,0,"51-75% PR"
"603",11.86525779,12,0.075,"51-75% PR"
"604",11.99686187,12,0.037,"51-75% PR"
"605",11.89896335,12,0.018,"51-75% PR"
"606",11.9461561,12,0.031,"51-75% PR"
"607",12.10727343,12,0.029,"51-75% PR"
"608",12.03717769,12,0.035,"51-75% PR"
"609",11.98865674,12,0.038,"51-75% PR"
"610",11.92667739,12,0,"51-75% PR"
"611",12.13125111,12,0.02,"51-75% PR"
"612",11.95249585,12,0.011,"51-75% PR"
"613",12.11976504,12,0.055,"51-75% PR"
"614",12.11467353,12,0,"51-75% PR"
"615",12.0005796,12,0.054,"51-75% PR"
"616",11.86217376,12,0.022,"51-75% PR"
"617",11.86348482,12,0.08,"51-75% PR"
"618",11.91807663,12,0.017,"51-75% PR"
"619",12.14335642,12,0.021,"51-75% PR"
"620",11.85812812,12,0.026,"51-75% PR"
"621",12.08173751,12,0.027,"51-75% PR"
"622",11.87402457,12,0.025,"51-75% PR"
"623",12.08497663,12,0.072,"51-75% PR"
"624",12.00920835,12,0.037,"51-75% PR"
"625",11.96949386,12,0.013,"51-75% PR"
"626",11.91637504,12,0.064,"51-75% PR"
"627",12.04682984,12,0.019,"51-75% PR"
"628",11.89946536,12,0,"51-75% PR"
"629",11.98182501,12,0.007,"51-75% PR"
"630",12.01500891,12,0.05,"51-75% PR"
"631",11.92291516,12,0.026,"51-75% PR"
"632",11.99466371,12,0.036,"51-75% PR"
"633",12.01604551,12,0.031,"51-75% PR"
"634",12.12264578,12,0.021,"51-75% PR"
"635",11.99276372,12,0.004,"51-75% PR"
"636",12.14398501,12,0.019,"51-75% PR"
"637",12.08533058,12,0.046,"51-75% PR"
"638",11.95901719,12,0.016,"51-75% PR"
"639",12.05955153,12,0.036,"51-75% PR"
"640",12.08226638,12,0.044,"51-75% PR"
"641",12.00346922,12,0.049,"51-75% PR"
"642",12.11517418,12,0.088,"51-75% PR"
"643",12.06654319,12,0.091,"51-75% PR"
"644",12.03055188,12,0.008,"51-75% PR"
"645",12.03079302,12,0.038,"51-75% PR"
"646",12.09918504,12,0.004,"51-75% PR"
"647",11.91337997,12,0.047,"51-75% PR"
"648",11.94220995,12,0,"51-75% PR"
"649",12.08126332,12,0.029,"51-75% PR"
"650",11.9367975,12,0.02,"51-75% PR"
"651",11.86716406,12,0.019,"51-75% PR"
"652",12.14697177,12,0.008,"51-75% PR"
"653",11.9727676,12,0.033,"51-75% PR"
"654",11.86817381,12,0.078,"51-75% PR"
"655",12.13606889,12,0.008,"51-75% PR"
"656",12.14732506,12,0.045,"51-75% PR"
"657",11.86348831,12,0.027,"51-75% PR"
"658",12.12745466,12,0.023,"51-75% PR"
"659",11.95692556,12,0.006,"51-75% PR"
"660",11.92735652,12,0.041,"51-75% PR"
"661",11.92214181,12,0.047,"51-75% PR"
"662",11.92551057,12,0,"51-75% PR"
"663",12.08393229,12,0.068,"51-75% PR"
"664",11.97242273,12,0.052,"51-75% PR"
"665",12.12846773,12,0.031,"51-75% PR"
"666",12.0876552,12,0.039,"51-75% PR"
"667",11.87179129,12,0.011,"51-75% PR"
"668",11.87019888,12,0.003,"51-75% PR"
"669",12.0028219,12,0.042,"51-75% PR"
"670",12.113341,12,0.049,"51-75% PR"
"671",12.07421591,12,0,"51-75% PR"
"672",12.03046159,12,0.007,"51-75% PR"
"673",12.0575709,12,0.004,"51-75% PR"
"674",11.86320366,12,0.028,"51-75% PR"
"675",12.02288849,12,0.08,"51-75% PR"
"676",11.86760948,12,0.009,"51-75% PR"
"677",11.90816094,12,0.009,"51-75% PR"
"678",12.06229728,12,0.053,"51-75% PR"
"679",12.04470315,12,0.053,"51-75% PR"
"680",11.98570175,12,0.021,"51-75% PR"
"681",11.94373091,12,0,"51-75% PR"
"682",11.9975774,12,0.068,"51-75% PR"
"683",11.93493676,12,0.033,"51-75% PR"
"684",11.87324742,12,0.016,"51-75% PR"
"685",11.87523635,12,0.038,"51-75% PR"
"686",11.86339349,12,0.032,"51-75% PR"
"687",12.02764398,12,0.007,"51-75% PR"
"688",11.88773661,12,0.051,"51-75% PR"
"689",12.04157631,12,0.025,"51-75% PR"
"690",11.91550898,12,0.053,"51-75% PR"
"691",12.04604357,12,0.007,"51-75% PR"
"692",11.86736137,12,0.05,"51-75% PR"
"693",12.10302715,12,0.01,"51-75% PR"
"694",12.10295766,12,0.057,"51-75% PR"
"695",11.907876,12,0.019,"51-75% PR"
"696",12.02329704,12,0.01,"51-75% PR"
"697",12.1201679,12,0.033,"51-75% PR"
"698",12.00141798,12,0,"51-75% PR"
"699",11.94399604,12,0.029,"51-75% PR"
"700",12.10084602,12,0.014,"51-75% PR"
"701",11.97177589,12,0.058,"51-75% PR"
"702",11.93149192,12,0.023,"51-75% PR"
"703",12.08979109,12,0.004,"51-75% PR"
"704",12.13429164,12,0.044,"51-75% PR"
"705",12.14107061,12,0.047,"51-75% PR"
"706",11.89983503,12,0.11,"51-75% PR"
"707",11.92420471,12,0.116,"51-75% PR"
"708",11.91208987,12,0.155,"51-75% PR"
"709",12.94231179,13,0.013,"51-75% PR"
"710",12.86271614,13,0.081,"51-75% PR"
"711",13.11019277,13,0.004,"51-75% PR"
"712",12.95558155,13,0.056,"51-75% PR"
"713",12.90461963,13,0.013,"51-75% PR"
"714",12.91430107,13,0.039,"51-75% PR"
"715",13.08976944,13,0.063,"51-75% PR"
"716",12.87270991,13,0.021,"51-75% PR"
"717",13.08364914,13,0.017,"51-75% PR"
"718",13.13377657,13,0.045,"51-75% PR"
"719",13.14864825,13,0.064,"51-75% PR"
"720",12.85259188,13,0.057,"51-75% PR"
"721",12.92675237,13,0,"51-75% PR"
"722",12.9965357,13,0.041,"51-75% PR"
"723",13.04249912,13,0.037,"51-75% PR"
"724",13.12817617,13,0.003,"51-75% PR"
"725",13.00013699,13,0.084,"51-75% PR"
"726",12.88388299,13,0.03,"51-75% PR"
"727",12.85048117,13,0.022,"51-75% PR"
"728",13.00874529,13,0.042,"51-75% PR"
"729",12.99131635,13,0.051,"51-75% PR"
"730",12.91605244,13,0,"51-75% PR"
"731",13.05490089,13,0.077,"51-75% PR"
"732",12.88964655,13,0.003,"51-75% PR"
"733",12.98683475,13,0.013,"51-75% PR"
"734",12.86271505,13,0.015,"51-75% PR"
"735",13.0098739,13,0.043,"51-75% PR"
"736",13.01267259,13,0.004,"51-75% PR"
"737",12.96270653,13,0.023,"51-75% PR"
"738",13.06058953,13,0.017,"51-75% PR"
"739",12.94231375,13,0.007,"51-75% PR"
"740",13.0643145,13,0.092,"51-75% PR"
"741",13.04885162,13,0.006,"51-75% PR"
"742",12.94628178,13,0.046,"51-75% PR"
"743",12.95883906,13,0.012,"51-75% PR"
"744",12.88403621,13,0.02,"51-75% PR"
"745",13.04386353,13,0.054,"51-75% PR"
"746",13.04264633,13,0.092,"51-75% PR"
"747",12.96820284,13,0.015,"51-75% PR"
"748",12.89300181,13,0.03,"51-75% PR"
"749",12.89406237,13,0.047,"51-75% PR"
"750",13.06327203,13,0,"51-75% PR"
"751",12.9030514,13,0.039,"51-75% PR"
"752",13.0114009,13,0.046,"51-75% PR"
"753",12.91034075,13,0.09,"51-75% PR"
"754",12.92976258,13,0.018,"51-75% PR"
"755",13.11747443,13,0.032,"51-75% PR"
"756",12.85262265,13,0.033,"51-75% PR"
"757",13.06302648,13,0.005,"51-75% PR"
"758",13.12981371,13,0.079,"51-75% PR"
"759",13.09555184,13,0.039,"51-75% PR"
"760",12.97101234,13,0.01,"51-75% PR"
"761",12.85842311,13,0.006,"51-75% PR"
"762",12.89381807,13,0.061,"51-75% PR"
"763",12.87123743,13,0.057,"51-75% PR"
"764",13.04538234,13,0.029,"51-75% PR"
"765",13.00957753,13,0,"51-75% PR"
"766",12.89560133,13,0.049,"51-75% PR"
"767",13.12889062,13,0.014,"51-75% PR"
"768",13.00565963,13,0.039,"51-75% PR"
"769",13.12911212,13,0.015,"51-75% PR"
"770",12.95645873,13,0.019,"51-75% PR"
"771",13.11263578,13,0.016,"51-75% PR"
"772",13.09275196,13,0.027,"51-75% PR"
"773",12.98465673,13,0.021,"51-75% PR"
"774",12.87156002,13,0.007,"51-75% PR"
"775",12.91519469,13,0.037,"51-75% PR"
"776",12.95623007,13,0,"51-75% PR"
"777",13.00632375,13,0,"51-75% PR"
"778",13.06969912,13,0.068,"51-75% PR"
"779",12.85303851,13,0,"51-75% PR"
"780",12.88777054,13,0,"51-75% PR"
"781",13.04594927,13,0.047,"51-75% PR"
"782",13.09865703,13,0.028,"51-75% PR"
"783",13.01175757,13,0.032,"51-75% PR"
"784",12.98313739,13,0.018,"51-75% PR"
"785",13.07835467,13,0,"51-75% PR"
"786",13.09575298,13,0.07,"51-75% PR"
"787",12.99079911,13,0,"51-75% PR"
"788",13.06515285,13,0,"51-75% PR"
"789",13.0088105,13,0.016,"51-75% PR"
"790",13.06522691,13,0.009,"51-75% PR"
"791",12.89537925,13,0.079,"51-75% PR"
"792",13.02921026,13,0.002,"51-75% PR"
"793",13.06346831,13,0,"51-75% PR"
"794",13.08565194,13,0.061,"51-75% PR"
"795",12.85642888,13,0.03,"51-75% PR"
"796",12.87111818,13,0.014,"51-75% PR"
"797",13.13146319,13,0,"51-75% PR"
"798",12.97800584,13,0,"51-75% PR"
"799",12.94099667,13,0.005,"51-75% PR"
"800",13.13345046,13,0,"51-75% PR"
"801",13.01011539,13,0.04,"51-75% PR"
"802",12.880757,13,0.055,"51-75% PR"
"803",13.06913008,13,0.013,"51-75% PR"
"804",12.95814271,13,0,"51-75% PR"
"805",13.06429697,13,0.019,"51-75% PR"
"806",13.04844269,13,0.007,"51-75% PR"
"807",13.00254074,13,0.036,"51-75% PR"
"808",12.97422915,13,0.034,"51-75% PR"
"809",13.0845505,13,0.014,"51-75% PR"
"810",13.01666655,13,0,"51-75% PR"
"811",13.13455523,13,0.017,"51-75% PR"
"812",13.08847901,13,0,"51-75% PR"
"813",13.1439411,13,0.004,"51-75% PR"
"814",13.02630849,13,0.006,"51-75% PR"
"815",12.87385503,13,0.022,"51-75% PR"
"816",13.14525207,13,0.099,"51-75% PR"
"817",13.07500012,13,0.012,"51-75% PR"
"818",12.87823291,13,0.034,"51-75% PR"
"819",12.99210762,13,0,"51-75% PR"
"820",12.94086623,13,0.012,"51-75% PR"
"821",12.99533848,13,0.043,"51-75% PR"
"822",12.87212803,13,0.027,"51-75% PR"
"823",12.99534688,13,0.039,"51-75% PR"
"824",12.89998342,13,0.117,"51-75% PR"
"825",12.93658218,13,0.12,"51-75% PR"
"826",12.90130541,13,0.146,"51-75% PR"
"827",12.87164675,13,0.154,"51-75% PR"
"828",13.0969324,13,0.157,"51-75% PR"
"829",13.09249547,13,0.183,"51-75% PR"
"830",11.00462148,11,0.061,"26-50% PR"
"831",11.02024176,11,0.062,"26-50% PR"
"832",11.13399414,11,0.038,"26-50% PR"
"833",10.90163044,11,0.008,"26-50% PR"
"834",10.96819767,11,0.058,"26-50% PR"
"835",10.96969733,11,0.05,"26-50% PR"
"836",11.09501773,11,0.008,"26-50% PR"
"837",10.99860843,11,0.092,"26-50% PR"
"838",11.07427794,11,0.04,"26-50% PR"
"839",10.95471555,11,0,"26-50% PR"
"840",11.01408577,11,0.085,"26-50% PR"
"841",10.93616768,11,0,"26-50% PR"
"842",10.95219921,11,0.001,"26-50% PR"
"843",10.86615257,11,0.002,"26-50% PR"
"844",11.11981683,11,0.039,"26-50% PR"
"845",11.09278999,11,0.051,"26-50% PR"
"846",10.9813555,11,0.056,"26-50% PR"
"847",11.14476034,11,0.061,"26-50% PR"
"848",11.03217185,11,0.002,"26-50% PR"
"849",11.01255772,11,0,"26-50% PR"
"850",11.09376941,11,0.014,"26-50% PR"
"851",11.14798406,11,0,"26-50% PR"
"852",11.14320548,11,0.007,"26-50% PR"
"853",11.05534012,11,0.067,"26-50% PR"
"854",11.09069582,11,0.035,"26-50% PR"
"855",10.96259909,11,0.01,"26-50% PR"
"856",10.94604019,11,0,"26-50% PR"
"857",11.06714222,11,0,"26-50% PR"
"858",11.09884963,11,0.016,"26-50% PR"
"859",10.97946332,11,0.01,"26-50% PR"
"860",10.93108508,11,0.037,"26-50% PR"
"861",10.93124189,11,0.075,"26-50% PR"
"862",11.06386961,11,0,"26-50% PR"
"863",11.11304938,11,0.014,"26-50% PR"
"864",11.1209556,11,0.041,"26-50% PR"
"865",10.86911561,11,0.023,"26-50% PR"
"866",11.03129965,11,0.045,"26-50% PR"
"867",11.07978044,11,0.039,"26-50% PR"
"868",11.04281479,11,0.061,"26-50% PR"
"869",11.04874947,11,0.069,"26-50% PR"
"870",11.14006938,11,0.063,"26-50% PR"
"871",10.96698214,11,0.032,"26-50% PR"
"872",10.94510498,11,0.048,"26-50% PR"
"873",10.85942223,11,0.015,"26-50% PR"
"874",10.86966444,11,0.001,"26-50% PR"
"875",11.01707471,11,0,"26-50% PR"
"876",11.01948571,11,0.052,"26-50% PR"
"877",11.0012989,11,0,"26-50% PR"
"878",11.14070722,11,0.011,"26-50% PR"
"879",11.02309547,11,0.054,"26-50% PR"
"880",11.10815867,11,0.086,"26-50% PR"
"881",11.14445388,11,0.022,"26-50% PR"
"882",10.91539784,11,0.03,"26-50% PR"
"883",11.13926039,11,0.004,"26-50% PR"
"884",11.10663173,11,0.024,"26-50% PR"
"885",11.04498595,11,0.011,"26-50% PR"
"886",10.9468094,11,0.022,"26-50% PR"
"887",10.89952446,11,0.006,"26-50% PR"
"888",10.93491855,11,0.048,"26-50% PR"
"889",11.06805214,11,0,"26-50% PR"
"890",10.868657,11,0.02,"26-50% PR"
"891",10.93848316,11,0.066,"26-50% PR"
"892",10.95535193,11,0,"26-50% PR"
"893",10.90271476,11,0.005,"26-50% PR"
"894",10.87731612,11,0.101,"26-50% PR"
"895",10.90363031,11,0.038,"26-50% PR"
"896",10.91103972,11,0.03,"26-50% PR"
"897",11.06871047,11,0.033,"26-50% PR"
"898",11.07077248,11,0.03,"26-50% PR"
"899",10.97658101,11,0.011,"26-50% PR"
"900",10.87794996,11,0.029,"26-50% PR"
"901",11.14840738,11,0.026,"26-50% PR"
"902",11.14826744,11,0.043,"26-50% PR"
"903",10.94979081,11,0.09,"26-50% PR"
"904",11.06974831,11,0.038,"26-50% PR"
"905",10.87131678,11,0.051,"26-50% PR"
"906",10.981336,11,0.024,"26-50% PR"
"907",11.04730972,11,0.032,"26-50% PR"
"908",11.06005373,11,0,"26-50% PR"
"909",10.93620723,11,0.002,"26-50% PR"
"910",10.90695497,11,0.038,"26-50% PR"
"911",10.86429991,11,0.038,"26-50% PR"
"912",10.91315811,11,0.023,"26-50% PR"
"913",11.01135814,11,0.034,"26-50% PR"
"914",11.12511339,11,0.052,"26-50% PR"
"915",10.93437095,11,0.029,"26-50% PR"
"916",11.10228828,11,0.08,"26-50% PR"
"917",11.00361458,11,0,"26-50% PR"
"918",11.12255839,11,0.024,"26-50% PR"
"919",10.99590952,11,0.022,"26-50% PR"
"920",10.91270873,11,0.007,"26-50% PR"
"921",11.05686393,11,0.047,"26-50% PR"
"922",11.1044289,11,0.015,"26-50% PR"
"923",11.04746581,11,0.01,"26-50% PR"
"924",10.90840621,11,0,"26-50% PR"
"925",11.1240176,11,0.047,"26-50% PR"
"926",10.99225945,11,0.013,"26-50% PR"
"927",10.99963868,11,0,"26-50% PR"
"928",10.97354282,11,0.011,"26-50% PR"
"929",10.97015007,11,0.047,"26-50% PR"
"930",10.99893332,11,0.022,"26-50% PR"
"931",11.09360971,11,0.002,"26-50% PR"
"932",10.92406598,11,0.03,"26-50% PR"
"933",11.09257269,11,0.095,"26-50% PR"
"934",11.06343046,11,0.009,"26-50% PR"
"935",11.0715182,11,0.058,"26-50% PR"
"936",10.9237355,11,0.034,"26-50% PR"
"937",11.07703133,11,0.021,"26-50% PR"
"938",11.03377203,11,0.031,"26-50% PR"
"939",11.00222567,11,0,"26-50% PR"
"940",11.06240365,11,0.03,"26-50% PR"
"941",11.09229507,11,0.015,"26-50% PR"
"942",10.93826167,11,0.012,"26-50% PR"
"943",11.13813655,11,0.038,"26-50% PR"
"944",11.06347556,11,0,"26-50% PR"
"945",10.87564265,11,0,"26-50% PR"
"946",10.85152406,11,0.055,"26-50% PR"
"947",11.08919874,11,0.024,"26-50% PR"
"948",11.13921862,11,0.018,"26-50% PR"
"949",11.13913961,11,0.048,"26-50% PR"
"950",10.95130441,11,0.063,"26-50% PR"
"951",11.06167431,11,0.089,"26-50% PR"
"952",11.07020563,11,0,"26-50% PR"
"953",11.04643781,11,0.007,"26-50% PR"
"954",10.93266234,11,0.017,"26-50% PR"
"955",11.00105239,11,0.002,"26-50% PR"
"956",11.04612949,11,0,"26-50% PR"
"957",10.88465678,11,0.03,"26-50% PR"
"958",11.06187002,11,0.052,"26-50% PR"
"959",11.04375503,11,0.033,"26-50% PR"
"960",11.07892754,11,0.018,"26-50% PR"
"961",10.945189,11,0,"26-50% PR"
"962",11.14173439,11,0,"26-50% PR"
"963",10.88098182,11,0.111,"26-50% PR"
"964",10.8576311,11,0.116,"26-50% PR"
"965",10.88160631,11,0.137,"26-50% PR"
"966",10.91419024,11,0.139,"26-50% PR"
"967",10.97382916,11,0.147,"26-50% PR"
"968",10.86784089,11,0.149,"26-50% PR"
"969",12.1111531,12,0.022,"26-50% PR"
"970",11.9204106,12,0.006,"26-50% PR"
"971",11.87273759,12,0.021,"26-50% PR"
"972",11.87247059,12,0.033,"26-50% PR"
"973",11.91252105,12,0.026,"26-50% PR"
"974",11.90973543,12,0,"26-50% PR"
"975",11.98940968,12,0.045,"26-50% PR"
"976",11.94850838,12,0,"26-50% PR"
"977",12.05384694,12,0,"26-50% PR"
"978",12.08369715,12,0.063,"26-50% PR"
"979",12.08847611,12,0,"26-50% PR"
"980",12.06915978,12,0.008,"26-50% PR"
"981",12.02162102,12,0.042,"26-50% PR"
"982",11.89755108,12,0.007,"26-50% PR"
"983",11.8764412,12,0.017,"26-50% PR"
"984",11.95245776,12,0.076,"26-50% PR"
"985",12.04954215,12,0.055,"26-50% PR"
"986",11.99459086,12,0,"26-50% PR"
"987",11.86420985,12,0.016,"26-50% PR"
"988",12.05050964,12,0.028,"26-50% PR"
"989",11.90532422,12,0.009,"26-50% PR"
"990",11.86450158,12,0.058,"26-50% PR"
"991",11.85124897,12,0,"26-50% PR"
"992",11.87144934,12,0.021,"26-50% PR"
"993",12.00323391,12,0.091,"26-50% PR"
"994",11.88457882,12,0.03,"26-50% PR"
"995",12.05370687,12,0.026,"26-50% PR"
"996",11.8589009,12,0.026,"26-50% PR"
"997",12.06152378,12,0,"26-50% PR"
"998",12.03944165,12,0.002,"26-50% PR"
"999",12.07622745,12,0.087,"26-50% PR"
"1000",12.02995012,12,0.047,"26-50% PR"
"1001",11.95414322,12,0.027,"26-50% PR"
"1002",11.9067902,12,0.035,"26-50% PR"
"1003",12.01047352,12,0.013,"26-50% PR"
"1004",11.88813687,12,0.004,"26-50% PR"
"1005",11.92181706,12,0.02,"26-50% PR"
"1006",12.06620306,12,0.03,"26-50% PR"
"1007",12.0623693,12,0.003,"26-50% PR"
"1008",12.09124826,12,0.023,"26-50% PR"
"1009",11.85351286,12,0,"26-50% PR"
"1010",12.11563278,12,0.034,"26-50% PR"
"1011",12.06311107,12,0,"26-50% PR"
"1012",11.95956522,12,0.031,"26-50% PR"
"1013",11.96701923,12,0.024,"26-50% PR"
"1014",11.85660614,12,0.042,"26-50% PR"
"1015",12.06197,12,0.019,"26-50% PR"
"1016",12.10560773,12,0.023,"26-50% PR"
"1017",11.88156047,12,0.036,"26-50% PR"
"1018",12.0253897,12,0.023,"26-50% PR"
"1019",12.1388879,12,0.067,"26-50% PR"
"1020",11.9753803,12,0.048,"26-50% PR"
"1021",12.07658347,12,0.032,"26-50% PR"
"1022",11.89475896,12,0.044,"26-50% PR"
"1023",11.96915803,12,0.02,"26-50% PR"
"1024",12.03530449,12,0.012,"26-50% PR"
"1025",12.1385219,12,0.041,"26-50% PR"
"1026",11.94349604,12,0.054,"26-50% PR"
"1027",12.12081514,12,0.004,"26-50% PR"
"1028",12.02402739,12,0,"26-50% PR"
"1029",12.14359567,12,0.05,"26-50% PR"
"1030",11.93548857,12,0.053,"26-50% PR"
"1031",11.93563373,12,0.003,"26-50% PR"
"1032",12.0681361,12,0.007,"26-50% PR"
"1033",12.10436016,12,0.015,"26-50% PR"
"1034",12.04004797,12,0.007,"26-50% PR"
"1035",11.94211308,12,0.036,"26-50% PR"
"1036",11.8777234,12,0,"26-50% PR"
"1037",11.89739398,12,0.037,"26-50% PR"
"1038",11.97377168,12,0.006,"26-50% PR"
"1039",11.98778737,12,0.005,"26-50% PR"
"1040",11.94466541,12,0.012,"26-50% PR"
"1041",12.07966809,12,0.011,"26-50% PR"
"1042",11.87548336,12,0.036,"26-50% PR"
"1043",11.93016166,12,0,"26-50% PR"
"1044",11.88560422,12,0.007,"26-50% PR"
"1045",12.06265336,12,0.026,"26-50% PR"
"1046",11.9092785,12,0.029,"26-50% PR"
"1047",11.87104659,12,0.014,"26-50% PR"
"1048",11.89764517,12,0.006,"26-50% PR"
"1049",11.99922791,12,0.019,"26-50% PR"
"1050",11.89868364,12,0,"26-50% PR"
"1051",11.98285927,12,0.036,"26-50% PR"
"1052",12.03955475,12,0,"26-50% PR"
"1053",12.06143187,12,0.016,"26-50% PR"
"1054",12.06799161,12,0.075,"26-50% PR"
"1055",11.91594526,12,0.071,"26-50% PR"
"1056",12.06547643,12,0.029,"26-50% PR"
"1057",11.94005045,12,0,"26-50% PR"
"1058",12.12167656,12,0.028,"26-50% PR"
"1059",12.07907302,12,0.04,"26-50% PR"
"1060",11.95980601,12,0,"26-50% PR"
"1061",12.00367967,12,0.005,"26-50% PR"
"1062",12.11695052,12,0.027,"26-50% PR"
"1063",12.10085481,12,0.018,"26-50% PR"
"1064",12.10721483,12,0.008,"26-50% PR"
"1065",11.8662043,12,0.017,"26-50% PR"
"1066",12.0745532,12,0.014,"26-50% PR"
"1067",12.04373759,12,0.004,"26-50% PR"
"1068",12.02489987,12,0.016,"26-50% PR"
"1069",12.03474766,12,0.025,"26-50% PR"
"1070",11.925227,12,0.052,"26-50% PR"
"1071",12.13497976,12,0.031,"26-50% PR"
"1072",11.94142507,12,0.032,"26-50% PR"
"1073",12.08875074,12,0,"26-50% PR"
"1074",12.06246088,12,0,"26-50% PR"
"1075",11.99417361,12,0.02,"26-50% PR"
"1076",12.10859339,12,0.086,"26-50% PR"
"1077",11.86292871,12,0.013,"26-50% PR"
"1078",12.11917662,12,0.021,"26-50% PR"
"1079",11.89518065,12,0.022,"26-50% PR"
"1080",11.86527013,12,0.042,"26-50% PR"
"1081",11.97189938,12,0.026,"26-50% PR"
"1082",12.14831632,12,0.039,"26-50% PR"
"1083",11.86026948,12,0.046,"26-50% PR"
"1084",12.06443927,12,0.023,"26-50% PR"
"1085",11.86492642,12,0.029,"26-50% PR"
"1086",11.99414763,12,0.023,"26-50% PR"
"1087",11.92478887,12,0.055,"26-50% PR"
"1088",11.89832504,12,0.016,"26-50% PR"
"1089",11.99984372,12,0.034,"26-50% PR"
"1090",11.86200338,12,0.048,"26-50% PR"
"1091",11.91862913,12,0.035,"26-50% PR"
"1092",12.02656871,12,0.032,"26-50% PR"
"1093",11.86172619,12,0.023,"26-50% PR"
"1094",12.10852482,12,0.045,"26-50% PR"
"1095",11.94573048,12,0.055,"26-50% PR"
"1096",11.94765269,12,0.018,"26-50% PR"
"1097",12.06083966,12,0.037,"26-50% PR"
"1098",11.90985517,12,0.004,"26-50% PR"
"1099",11.9431958,12,0.024,"26-50% PR"
"1100",12.14203699,12,0.118,"26-50% PR"
"1101",12.06066075,12,0.128,"26-50% PR"
"1102",12.01222467,12,0.195,"26-50% PR"
"1103",13.10017817,13,0.001,"26-50% PR"
"1104",12.86981533,13,0.03,"26-50% PR"
"1105",13.01175651,13,0.006,"26-50% PR"
"1106",12.85893059,13,0.021,"26-50% PR"
"1107",13.05804718,13,0.047,"26-50% PR"
"1108",13.02666542,13,0.023,"26-50% PR"
"1109",12.95475413,13,0.045,"26-50% PR"
"1110",12.91756155,13,0.077,"26-50% PR"
"1111",12.93298429,13,0.023,"26-50% PR"
"1112",13.00250239,13,0.016,"26-50% PR"
"1113",13.09552615,13,0.029,"26-50% PR"
"1114",13.04148326,13,0.018,"26-50% PR"
"1115",13.11178928,13,0.006,"26-50% PR"
"1116",13.05608807,13,0.016,"26-50% PR"
"1117",13.10858356,13,0.018,"26-50% PR"
"1118",12.86311686,13,0.043,"26-50% PR"
"1119",13.1248073,13,0.048,"26-50% PR"
"1120",12.88033273,13,0.017,"26-50% PR"
"1121",13.13872329,13,0.044,"26-50% PR"
"1122",12.95402015,13,0.029,"26-50% PR"
"1123",12.90977557,13,0.042,"26-50% PR"
"1124",12.85982165,13,0.041,"26-50% PR"
"1125",13.06676124,13,0.064,"26-50% PR"
"1126",13.00671891,13,0,"26-50% PR"
"1127",13.13857105,13,0.013,"26-50% PR"
"1128",12.8685198,13,0.097,"26-50% PR"
"1129",12.88522191,13,0.072,"26-50% PR"
"1130",13.12473089,13,0.026,"26-50% PR"
"1131",12.97572709,13,0.027,"26-50% PR"
"1132",13.07568004,13,0.049,"26-50% PR"
"1133",13.07726727,13,0.034,"26-50% PR"
"1134",12.91001123,13,0.001,"26-50% PR"
"1135",13.04387973,13,0.033,"26-50% PR"
"1136",12.9686456,13,0.008,"26-50% PR"
"1137",13.06992342,13,0.051,"26-50% PR"
"1138",13.08915399,13,0,"26-50% PR"
"1139",12.94797762,13,0.002,"26-50% PR"
"1140",13.1435683,13,0.016,"26-50% PR"
"1141",12.95955157,13,0.022,"26-50% PR"
"1142",13.10006301,13,0.042,"26-50% PR"
"1143",13.00881952,13,0.04,"26-50% PR"
"1144",13.08502987,13,0,"26-50% PR"
"1145",12.98851638,13,0.01,"26-50% PR"
"1146",13.11912041,13,0.055,"26-50% PR"
"1147",13.02992871,13,0.014,"26-50% PR"
"1148",13.06279321,13,0.002,"26-50% PR"
"1149",13.1444485,13,0.033,"26-50% PR"
"1150",13.01003815,13,0.022,"26-50% PR"
"1151",12.91444181,13,0.03,"26-50% PR"
"1152",12.93132993,13,0.096,"26-50% PR"
"1153",13.04579809,13,0.012,"26-50% PR"
"1154",12.88840071,13,0.043,"26-50% PR"
"1155",13.0885722,13,0.005,"26-50% PR"
"1156",13.01841886,13,0,"26-50% PR"
"1157",13.12533205,13,0.043,"26-50% PR"
"1158",12.98738643,13,0.017,"26-50% PR"
"1159",13.07380686,13,0.002,"26-50% PR"
"1160",13.11422345,13,0.059,"26-50% PR"
"1161",12.91179462,13,0.013,"26-50% PR"
"1162",12.93394122,13,0.003,"26-50% PR"
"1163",13.10673593,13,0.013,"26-50% PR"
"1164",12.9321201,13,0.024,"26-50% PR"
"1165",12.98957036,13,0,"26-50% PR"
"1166",12.9508095,13,0.025,"26-50% PR"
"1167",13.04189865,13,0.01,"26-50% PR"
"1168",13.08499844,13,0,"26-50% PR"
"1169",12.95568177,13,0.02,"26-50% PR"
"1170",13.04587022,13,0,"26-50% PR"
"1171",13.12231714,13,0.018,"26-50% PR"
"1172",13.04232327,13,0.004,"26-50% PR"
"1173",12.96613494,13,0.008,"26-50% PR"
"1174",12.93966444,13,0.051,"26-50% PR"
"1175",12.87727996,13,0.018,"26-50% PR"
"1176",12.9459425,13,0,"26-50% PR"
"1177",12.8882226,13,0,"26-50% PR"
"1178",12.90100388,13,0.018,"26-50% PR"
"1179",12.96793942,13,0.015,"26-50% PR"
"1180",13.03145308,13,0.091,"26-50% PR"
"1181",13.11041042,13,0.005,"26-50% PR"
"1182",13.0132542,13,0.001,"26-50% PR"
"1183",13.07114979,13,0.065,"26-50% PR"
"1184",12.85710134,13,0.027,"26-50% PR"
"1185",12.89347096,13,0.007,"26-50% PR"
"1186",12.99210266,13,0.046,"26-50% PR"
"1187",12.96954198,13,0.006,"26-50% PR"
"1188",13.01191804,13,0,"26-50% PR"
"1189",13.14668906,13,0.056,"26-50% PR"
"1190",13.05810917,13,0,"26-50% PR"
"1191",13.03077346,13,0,"26-50% PR"
"1192",13.07652666,13,0.02,"26-50% PR"
"1193",12.9439036,13,0.013,"26-50% PR"
"1194",13.1403678,13,0.023,"26-50% PR"
"1195",13.02971297,13,0.019,"26-50% PR"
"1196",13.07329571,13,0.002,"26-50% PR"
"1197",12.8576307,13,0.009,"26-50% PR"
"1198",13.10787016,13,0.051,"26-50% PR"
"1199",12.95803085,13,0.003,"26-50% PR"
"1200",13.08218161,13,0,"26-50% PR"
"1201",12.92529946,13,0.05,"26-50% PR"
"1202",13.02725992,13,0.013,"26-50% PR"
"1203",13.0005335,13,0.042,"26-50% PR"
"1204",12.9492088,13,0.014,"26-50% PR"
"1205",13.04753925,13,0.056,"26-50% PR"
"1206",12.93625345,13,0.01,"26-50% PR"
"1207",13.07515997,13,0.036,"26-50% PR"
"1208",13.0264344,13,0.048,"26-50% PR"
"1209",12.99647402,13,0.013,"26-50% PR"
"1210",12.98147916,13,0.057,"26-50% PR"
"1211",12.8555024,13,0.007,"26-50% PR"
"1212",13.04482441,13,0,"26-50% PR"
"1213",13.07343802,13,0.017,"26-50% PR"
"1214",13.06690134,13,0.002,"26-50% PR"
"1215",12.88738585,13,0.094,"26-50% PR"
"1216",13.06017675,13,0.043,"26-50% PR"
"1217",13.03161426,13,0.03,"26-50% PR"
"1218",13.03874864,13,0.053,"26-50% PR"
"1219",13.07720482,13,0.02,"26-50% PR"
"1220",12.93994906,13,0.018,"26-50% PR"
"1221",12.85702153,13,0,"26-50% PR"
"1222",13.0594114,13,0.003,"26-50% PR"
"1223",13.1465795,13,0.013,"26-50% PR"
"1224",13.13462416,13,0.015,"26-50% PR"
"1225",12.89898947,13,0.032,"26-50% PR"
"1226",12.9997818,13,0.035,"26-50% PR"
"1227",12.94350425,13,0.027,"26-50% PR"
"1228",12.95514516,13,0.016,"26-50% PR"
"1229",12.8979794,13,0.05,"26-50% PR"
"1230",13.06616873,13,0.03,"26-50% PR"
"1231",13.03807518,13,0.028,"26-50% PR"
"1232",13.1079779,13,0.046,"26-50% PR"
"1233",13.03593687,13,0.022,"26-50% PR"
"1234",13.13767454,13,0.009,"26-50% PR"
"1235",12.95731667,13,0,"26-50% PR"
"1236",13.04205607,13,0.108,"26-50% PR"
"1237",13.11517176,13,0.109,"26-50% PR"
"1238",13.04591507,13,0.113,"26-50% PR"
"1239",13.0485002,13,0.133,"26-50% PR"
"1240",13.10135624,13,0.149,"26-50% PR"
"1241",10.9198186,11,0.007,"Lowest SES"
"1242",10.93636452,11,0.006,"Lowest SES"
"1243",10.99113053,11,0.031,"Lowest SES"
"1244",10.94450763,11,0.005,"Lowest SES"
"1245",11.06695461,11,0.042,"Lowest SES"
"1246",10.93896371,11,0.013,"Lowest SES"
"1247",11.10601781,11,0.082,"Lowest SES"
"1248",11.0457905,11,0.041,"Lowest SES"
"1249",10.92642851,11,0.008,"Lowest SES"
"1250",10.97831223,11,0.028,"Lowest SES"
"1251",11.08438786,11,0,"Lowest SES"
"1252",10.8890562,11,0.007,"Lowest SES"
"1253",10.86580973,11,0.005,"Lowest SES"
"1254",10.90416991,11,0.014,"Lowest SES"
"1255",11.12479527,11,0.03,"Lowest SES"
"1256",11.09823596,11,0.02,"Lowest SES"
"1257",10.96652171,11,0,"Lowest SES"
"1258",11.0330006,11,0.103,"Lowest SES"
"1259",10.99758958,11,0.022,"Lowest SES"
"1260",11.06310916,11,0,"Lowest SES"
"1261",10.97281676,11,0,"Lowest SES"
"1262",11.11474358,11,0.027,"Lowest SES"
"1263",11.12136201,11,0.019,"Lowest SES"
"1264",10.99133893,11,0.023,"Lowest SES"
"1265",11.01457224,11,0.041,"Lowest SES"
"1266",11.08423794,11,0.03,"Lowest SES"
"1267",11.04119605,11,0,"Lowest SES"
"1268",11.08870443,11,0.026,"Lowest SES"
"1269",11.13710716,11,0.076,"Lowest SES"
"1270",10.90226757,11,0.028,"Lowest SES"
"1271",11.13340365,11,0,"Lowest SES"
"1272",10.97892446,11,0.006,"Lowest SES"
"1273",11.04893618,11,0.012,"Lowest SES"
"1274",10.87240012,11,0,"Lowest SES"
"1275",10.86999276,11,0.03,"Lowest SES"
"1276",11.04710447,11,0.038,"Lowest SES"
"1277",11.05399059,11,0.006,"Lowest SES"
"1278",10.90573133,11,0.013,"Lowest SES"
"1279",11.00444467,11,0.008,"Lowest SES"
"1280",10.98140793,11,0.007,"Lowest SES"
"1281",11.0189752,11,0.009,"Lowest SES"
"1282",11.08687484,11,0.018,"Lowest SES"
"1283",11.11741644,11,0,"Lowest SES"
"1284",11.1103233,11,0.036,"Lowest SES"
"1285",10.92090919,11,0.034,"Lowest SES"
"1286",10.94168499,11,0.005,"Lowest SES"
"1287",11.06823739,11,0.027,"Lowest SES"
"1288",10.99058863,11,0.053,"Lowest SES"
"1289",10.95697433,11,0.033,"Lowest SES"
"1290",11.06259618,11,0.029,"Lowest SES"
"1291",11.09539089,11,0.034,"Lowest SES"
"1292",10.98724359,11,0.019,"Lowest SES"
"1293",10.86636904,11,0,"Lowest SES"
"1294",11.05205651,11,0.011,"Lowest SES"
"1295",11.04574508,11,0.005,"Lowest SES"
"1296",10.93315526,11,0.009,"Lowest SES"
"1297",11.14756669,11,0.016,"Lowest SES"
"1298",10.97435842,11,0.006,"Lowest SES"
"1299",10.88131138,11,0.029,"Lowest SES"
"1300",10.86139331,11,0,"Lowest SES"
"1301",10.96102399,11,0.04,"Lowest SES"
"1302",10.97681714,11,0.041,"Lowest SES"
"1303",10.89028126,11,0.003,"Lowest SES"
"1304",11.07782581,11,0.005,"Lowest SES"
"1305",10.90942961,11,0.028,"Lowest SES"
"1306",10.97700269,11,0.042,"Lowest SES"
"1307",11.10303594,11,0.012,"Lowest SES"
"1308",11.0312066,11,0.015,"Lowest SES"
"1309",11.03750701,11,0.007,"Lowest SES"
"1310",10.94035157,11,0.01,"Lowest SES"
"1311",11.00766987,11,0.015,"Lowest SES"
"1312",11.14128913,11,0.016,"Lowest SES"
"1313",11.03640494,11,0.019,"Lowest SES"
"1314",10.92860143,11,0.046,"Lowest SES"
"1315",10.85477391,11,0.004,"Lowest SES"
"1316",10.9734331,11,0.048,"Lowest SES"
"1317",11.01281906,11,0.031,"Lowest SES"
"1318",11.10086518,11,0.02,"Lowest SES"
"1319",11.08574191,11,0.025,"Lowest SES"
"1320",11.1480996,11,0.011,"Lowest SES"
"1321",10.97832018,11,0.032,"Lowest SES"
"1322",10.90786141,11,0.029,"Lowest SES"
"1323",10.884835,11,0.012,"Lowest SES"
"1324",11.00367902,11,0.019,"Lowest SES"
"1325",11.09249908,11,0,"Lowest SES"
"1326",11.13589339,11,0.018,"Lowest SES"
"1327",11.1320814,11,0.025,"Lowest SES"
"1328",10.86027028,11,0.014,"Lowest SES"
"1329",10.91721255,11,0.05,"Lowest SES"
"1330",11.10680016,11,0.001,"Lowest SES"
"1331",10.86331725,11,0.02,"Lowest SES"
"1332",11.06256627,11,0.022,"Lowest SES"
"1333",10.89944866,11,0.033,"Lowest SES"
"1334",10.98599859,11,0.03,"Lowest SES"
"1335",11.13451074,11,0.004,"Lowest SES"
"1336",10.97675312,11,0.022,"Lowest SES"
"1337",10.97332856,11,0,"Lowest SES"
"1338",10.90741673,11,0.021,"Lowest SES"
"1339",10.95313287,11,0.02,"Lowest SES"
"1340",10.96034903,11,0.031,"Lowest SES"
"1341",10.86481011,11,0.003,"Lowest SES"
"1342",11.07974339,11,0,"Lowest SES"
"1343",11.08071189,11,0.015,"Lowest SES"
"1344",10.90472312,11,0.039,"Lowest SES"
"1345",11.14195096,11,0,"Lowest SES"
"1346",10.95010707,11,0.044,"Lowest SES"
"1347",10.89581825,11,0.037,"Lowest SES"
"1348",11.04596358,11,0.075,"Lowest SES"
"1349",11.01855066,11,0.045,"Lowest SES"
"1350",10.89962633,11,0.041,"Lowest SES"
"1351",11.05392598,11,0.018,"Lowest SES"
"1352",11.07545903,11,0.025,"Lowest SES"
"1353",10.90090569,11,0.022,"Lowest SES"
"1354",10.95194323,11,0,"Lowest SES"
"1355",10.95483033,11,0,"Lowest SES"
"1356",10.9134173,11,0.038,"Lowest SES"
"1357",11.03287803,11,0.03,"Lowest SES"
"1358",10.85525525,11,0.029,"Lowest SES"
"1359",11.14961145,11,0.011,"Lowest SES"
"1360",10.89484602,11,0.021,"Lowest SES"
"1361",10.96310401,11,0.001,"Lowest SES"
"1362",11.03711659,11,0.026,"Lowest SES"
"1363",10.89752981,11,0.006,"Lowest SES"
"1364",10.99979453,11,0.012,"Lowest SES"
"1365",10.9755918,11,0.161,"Lowest SES"
"1366",12.04341107,12,0.037,"Lowest SES"
"1367",11.91804437,12,0.01,"Lowest SES"
"1368",11.88640218,12,0.049,"Lowest SES"
"1369",12.09483439,12,0.045,"Lowest SES"
"1370",11.90153682,12,0.006,"Lowest SES"
"1371",12.1348847,12,0.004,"Lowest SES"
"1372",11.89091935,12,0.005,"Lowest SES"
"1373",12.11400948,12,0.006,"Lowest SES"
"1374",12.00241345,12,0.022,"Lowest SES"
"1375",11.92184987,12,0.014,"Lowest SES"
"1376",11.86229718,12,0.033,"Lowest SES"
"1377",12.04230855,12,0.049,"Lowest SES"
"1378",11.97149245,12,0.011,"Lowest SES"
"1379",11.99723734,12,0,"Lowest SES"
"1380",11.9092015,12,0,"Lowest SES"
"1381",11.87554108,12,0.015,"Lowest SES"
"1382",12.0559934,12,0.018,"Lowest SES"
"1383",12.00060496,12,0.026,"Lowest SES"
"1384",12.02418326,12,0,"Lowest SES"
"1385",12.07026606,12,0,"Lowest SES"
"1386",11.98614702,12,0.027,"Lowest SES"
"1387",11.8776374,12,0.029,"Lowest SES"
"1388",11.87709861,12,0.013,"Lowest SES"
"1389",12.00908879,12,0,"Lowest SES"
"1390",12.12893104,12,0.005,"Lowest SES"
"1391",12.02593178,12,0.006,"Lowest SES"
"1392",11.85677721,12,0.045,"Lowest SES"
"1393",11.8670715,12,0.011,"Lowest SES"
"1394",12.0555748,12,0.082,"Lowest SES"
"1395",11.92813393,12,0,"Lowest SES"
"1396",11.9112724,12,0,"Lowest SES"
"1397",11.87253411,12,0.009,"Lowest SES"
"1398",12.07206679,12,0.059,"Lowest SES"
"1399",11.96557689,12,0.007,"Lowest SES"
"1400",12.00226817,12,0.02,"Lowest SES"
"1401",11.95405682,12,0.013,"Lowest SES"
"1402",11.9608527,12,0.008,"Lowest SES"
"1403",11.85061293,12,0,"Lowest SES"
"1404",11.89161798,12,0.004,"Lowest SES"
"1405",12.12222024,12,0.014,"Lowest SES"
"1406",11.85582729,12,0.016,"Lowest SES"
"1407",11.91905191,12,0.027,"Lowest SES"
"1408",12.06087523,12,0.021,"Lowest SES"
"1409",11.92577673,12,0.043,"Lowest SES"
"1410",11.93404079,12,0.03,"Lowest SES"
"1411",12.12693704,12,0.074,"Lowest SES"
"1412",11.99186632,12,0.008,"Lowest SES"
"1413",12.04046338,12,0,"Lowest SES"
"1414",11.89601497,12,0,"Lowest SES"
"1415",12.00462601,12,0.032,"Lowest SES"
"1416",11.89777107,12,0.033,"Lowest SES"
"1417",12.06550518,12,0.045,"Lowest SES"
"1418",11.87640198,12,0,"Lowest SES"
"1419",12.01151969,12,0,"Lowest SES"
"1420",12.09091639,12,0.016,"Lowest SES"
"1421",11.94991063,12,0.015,"Lowest SES"
"1422",12.07995057,12,0.006,"Lowest SES"
"1423",11.89003733,12,0.009,"Lowest SES"
"1424",11.87739958,12,0.006,"Lowest SES"
"1425",11.97234303,12,0,"Lowest SES"
"1426",11.92315136,12,0.02,"Lowest SES"
"1427",12.12022099,12,0.036,"Lowest SES"
"1428",11.85825217,12,0.042,"Lowest SES"
"1429",12.14781966,12,0.05,"Lowest SES"
"1430",11.90771058,12,0.019,"Lowest SES"
"1431",12.14783549,12,0.005,"Lowest SES"
"1432",11.8569942,12,0.013,"Lowest SES"
"1433",12.14992915,12,0.026,"Lowest SES"
"1434",12.08456993,12,0.008,"Lowest SES"
"1435",12.06709309,12,0.092,"Lowest SES"
"1436",12.11525565,12,0.015,"Lowest SES"
"1437",11.98401126,12,0.027,"Lowest SES"
"1438",12.08102188,12,0.053,"Lowest SES"
"1439",12.03198279,12,0.001,"Lowest SES"
"1440",12.1291199,12,0,"Lowest SES"
"1441",12.12813776,12,0,"Lowest SES"
"1442",12.01725054,12,0.004,"Lowest SES"
"1443",11.98326864,12,0.005,"Lowest SES"
"1444",11.85795786,12,0.026,"Lowest SES"
"1445",12.12507645,12,0.055,"Lowest SES"
"1446",11.87887118,12,0.007,"Lowest SES"
"1447",11.92767359,12,0.021,"Lowest SES"
"1448",11.97754835,12,0,"Lowest SES"
"1449",11.90079898,12,0.036,"Lowest SES"
"1450",12.13530747,12,0.01,"Lowest SES"
"1451",12.09859775,12,0.007,"Lowest SES"
"1452",11.96193019,12,0.027,"Lowest SES"
"1453",12.07261134,12,0.014,"Lowest SES"
"1454",11.94840212,12,0.06,"Lowest SES"
"1455",12.07680759,12,0,"Lowest SES"
"1456",11.95583543,12,0.006,"Lowest SES"
"1457",12.04094589,12,0,"Lowest SES"
"1458",12.00789995,12,0.014,"Lowest SES"
"1459",11.93963854,12,0,"Lowest SES"
"1460",12.06696249,12,0.026,"Lowest SES"
"1461",12.04132047,12,0,"Lowest SES"
"1462",12.13692485,12,0.027,"Lowest SES"
"1463",11.94761408,12,0,"Lowest SES"
"1464",11.95232515,12,0.004,"Lowest SES"
"1465",12.14803363,12,0.027,"Lowest SES"
"1466",11.99285495,12,0.024,"Lowest SES"
"1467",12.01091484,12,0.01,"Lowest SES"
"1468",12.02292056,12,0.066,"Lowest SES"
"1469",11.92637621,12,0.041,"Lowest SES"
"1470",12.01449831,12,0.003,"Lowest SES"
"1471",12.01007361,12,0.005,"Lowest SES"
"1472",11.92742425,12,0.016,"Lowest SES"
"1473",11.9689302,12,0.001,"Lowest SES"
"1474",12.00065922,12,0.002,"Lowest SES"
"1475",12.07517911,12,0.002,"Lowest SES"
"1476",11.90512221,12,0.006,"Lowest SES"
"1477",11.89472107,12,0.036,"Lowest SES"
"1478",11.92613492,12,0.005,"Lowest SES"
"1479",12.00805537,12,0.02,"Lowest SES"
"1480",12.05163989,12,0.006,"Lowest SES"
"1481",12.00978825,12,0.01,"Lowest SES"
"1482",11.99027288,12,0.029,"Lowest SES"
"1483",12.13270773,12,0.005,"Lowest SES"
"1484",12.11060386,12,0,"Lowest SES"
"1485",12.12501629,12,0.002,"Lowest SES"
"1486",11.93463943,12,0.005,"Lowest SES"
"1487",12.07095461,12,0.049,"Lowest SES"
"1488",12.08968075,12,0.001,"Lowest SES"
"1489",12.0143029,12,0.055,"Lowest SES"
"1490",11.891335,12,0.013,"Lowest SES"
"1491",11.93926277,12,0.121,"Lowest SES"
"1492",11.97129105,12,0.124,"Lowest SES"
"1493",12.94859092,13,0.03,"Lowest SES"
"1494",12.99308283,13,0.018,"Lowest SES"
"1495",12.88414258,13,0.001,"Lowest SES"
"1496",12.86155151,13,0.025,"Lowest SES"
"1497",12.93912214,13,0.005,"Lowest SES"
"1498",12.89520931,13,0,"Lowest SES"
"1499",13.09889901,13,0.076,"Lowest SES"
"1500",12.93407129,13,0.008,"Lowest SES"
"1501",12.89667774,13,0.037,"Lowest SES"
"1502",13.03480951,13,0.006,"Lowest SES"
"1503",13.11084896,13,0.002,"Lowest SES"
"1504",12.90254787,13,0,"Lowest SES"
"1505",12.97123539,13,0.007,"Lowest SES"
"1506",13.06227963,13,0.017,"Lowest SES"
"1507",12.89877979,13,0.032,"Lowest SES"
"1508",13.07795519,13,0.004,"Lowest SES"
"1509",13.08114993,13,0.026,"Lowest SES"
"1510",13.04751024,13,0.082,"Lowest SES"
"1511",12.99249051,13,0.009,"Lowest SES"
"1512",13.06579291,13,0.022,"Lowest SES"
"1513",13.12806868,13,0.008,"Lowest SES"
"1514",12.91322603,13,0.044,"Lowest SES"
"1515",12.85133435,13,0.015,"Lowest SES"
"1516",12.85753147,13,0.049,"Lowest SES"
"1517",13.14695101,13,0.026,"Lowest SES"
"1518",12.99936502,13,0.035,"Lowest SES"
"1519",12.943607,13,0.006,"Lowest SES"
"1520",12.87295805,13,0.042,"Lowest SES"
"1521",12.94900521,13,0.007,"Lowest SES"
"1522",13.00268111,13,0.01,"Lowest SES"
"1523",12.89483658,13,0.02,"Lowest SES"
"1524",13.11817555,13,0.004,"Lowest SES"
"1525",12.94220647,13,0,"Lowest SES"
"1526",13.01168674,13,0,"Lowest SES"
"1527",12.88426815,13,0,"Lowest SES"
"1528",13.05267981,13,0.002,"Lowest SES"
"1529",13.14890507,13,0.029,"Lowest SES"
"1530",12.8861284,13,0.01,"Lowest SES"
"1531",13.05530595,13,0.008,"Lowest SES"
"1532",12.97716499,13,0.038,"Lowest SES"
"1533",13.11763322,13,0.007,"Lowest SES"
"1534",13.05060122,13,0.031,"Lowest SES"
"1535",13.05383263,13,0.029,"Lowest SES"
"1536",12.9721519,13,0,"Lowest SES"
"1537",12.90036275,13,0.015,"Lowest SES"
"1538",12.86813877,13,0,"Lowest SES"
"1539",12.85701637,13,0.015,"Lowest SES"
"1540",13.08639153,13,0.04,"Lowest SES"
"1541",12.94843567,13,0.025,"Lowest SES"
"1542",12.90644171,13,0.021,"Lowest SES"
"1543",12.86609624,13,0.005,"Lowest SES"
"1544",12.90929912,13,0.026,"Lowest SES"
"1545",12.98748926,13,0.028,"Lowest SES"
"1546",13.10285788,13,0.043,"Lowest SES"
"1547",13.09884791,13,0.021,"Lowest SES"
"1548",13.12294947,13,0,"Lowest SES"
"1549",12.97107202,13,0.095,"Lowest SES"
"1550",12.9314514,13,0.012,"Lowest SES"
"1551",12.94268296,13,0,"Lowest SES"
"1552",12.92496298,13,0.009,"Lowest SES"
"1553",13.14946467,13,0.001,"Lowest SES"
"1554",13.14527565,13,0.028,"Lowest SES"
"1555",12.86119759,13,0.013,"Lowest SES"
"1556",12.92626806,13,0.013,"Lowest SES"
"1557",12.87684869,13,0.004,"Lowest SES"
"1558",12.9746114,13,0,"Lowest SES"
"1559",12.94110582,13,0.037,"Lowest SES"
"1560",13.08321227,13,0,"Lowest SES"
"1561",13.05979242,13,0.025,"Lowest SES"
"1562",12.92563238,13,0,"Lowest SES"
"1563",12.86630663,13,0.06,"Lowest SES"
"1564",12.9617144,13,0.012,"Lowest SES"
"1565",13.12495399,13,0.028,"Lowest SES"
"1566",12.99043131,13,0.003,"Lowest SES"
"1567",12.96039241,13,0.021,"Lowest SES"
"1568",13.05284496,13,0.029,"Lowest SES"
"1569",12.85854451,13,0.011,"Lowest SES"
"1570",12.9320477,13,0.027,"Lowest SES"
"1571",12.8541152,13,0.012,"Lowest SES"
"1572",12.92200018,13,0.008,"Lowest SES"
"1573",13.01161141,13,0.014,"Lowest SES"
"1574",12.97846257,13,0.021,"Lowest SES"
"1575",13.13718164,13,0.029,"Lowest SES"
"1576",13.08438137,13,0.009,"Lowest SES"
"1577",12.94893,13,0.007,"Lowest SES"
"1578",12.96576858,13,0.012,"Lowest SES"
"1579",13.13090728,13,0.016,"Lowest SES"
"1580",13.06560727,13,0.004,"Lowest SES"
"1581",13.12220872,13,0.01,"Lowest SES"
"1582",12.96619684,13,0.018,"Lowest SES"
"1583",13.14905521,13,0.043,"Lowest SES"
"1584",12.95253596,13,0.006,"Lowest SES"
"1585",13.06669501,13,0,"Lowest SES"
"1586",13.08956557,13,0.018,"Lowest SES"
"1587",13.03852974,13,0.019,"Lowest SES"
"1588",13.04781011,13,0.017,"Lowest SES"
"1589",13.01352353,13,0.01,"Lowest SES"
"1590",13.07908425,13,0.059,"Lowest SES"
"1591",12.95363562,13,0.002,"Lowest SES"
"1592",13.0639289,13,0.011,"Lowest SES"
"1593",13.12322807,13,0.014,"Lowest SES"
"1594",13.12549222,13,0.018,"Lowest SES"
"1595",13.00328811,13,0,"Lowest SES"
"1596",13.11492818,13,0.029,"Lowest SES"
"1597",12.91992036,13,0.001,"Lowest SES"
"1598",12.89305883,13,0.005,"Lowest SES"
"1599",13.01591699,13,0.038,"Lowest SES"
"1600",12.97914484,13,0.007,"Lowest SES"
"1601",13.05027141,13,0.004,"Lowest SES"
"1602",13.14119058,13,0.036,"Lowest SES"
"1603",12.98192095,13,0.007,"Lowest SES"
"1604",13.11431105,13,0.001,"Lowest SES"
"1605",13.13209989,13,0.023,"Lowest SES"
"1606",12.95130696,13,0,"Lowest SES"
"1607",12.86349108,13,0.025,"Lowest SES"
"1608",12.91015786,13,0.006,"Lowest SES"
"1609",12.89734687,13,0.026,"Lowest SES"
"1610",13.01300676,13,0.059,"Lowest SES"
"1611",13.10386046,13,0.006,"Lowest SES"
"1612",13.03732126,13,0.013,"Lowest SES"
"1613",12.92287355,13,0.004,"Lowest SES"
"1614",12.99885352,13,0.007,"Lowest SES"
"1615",12.97219475,13,0.059,"Lowest SES"
"1616",12.86346092,13,0.005,"Lowest SES"
"1617",12.94895336,13,0.005,"Lowest SES"
"1618",13.08713669,13,0,"Lowest SES"
"1619",12.86255619,13,0.044,"Lowest SES"
"1620",12.92702556,13,0.022,"Lowest SES"
"1621",13.0917448,13,0.001,"Lowest SES"
"1622",12.96534021,13,0.008,"Lowest SES"
"1623",13.02763507,13,0.018,"Lowest SES"
"1624",13.06574749,13,0.032,"Lowest SES"
"1625",12.90529646,13,0.011,"Lowest SES"
"1626",13.11509937,13,0.002,"Lowest SES"
"1627",12.95928942,13,0.017,"Lowest SES"
"1628",13.02443642,13,0.117,"Lowest SES"
"1629",13.142556,13,0.142,"Lowest SES"
